matchID,seriesID,Versus,Game_number,gametime,first_blood_time,isLastGame,playerID,playerName,teamID,teamName,position,heroID,heroName,is_crimson,is_cerulean,is_emerald,is_royal,is_golden,is_elemental,is_otherworld,is_heroic,kills,deaths,creep_score,gpm,madstone_collected,tower_kills,obs_placed,camps_stacked,runes_grabbed,watchers_taken,smokes_used,teamfight_participation,stuns,firstblood_claimed,roshan_kills,tormentor_kills,tormentor_deaths,courier_kills,win,date
8942993144,1130024,Team Falcons vs LGD Gaming,1,2446,81,0,10366616,Sneyking,9247354,Team Falcons,support,5,Crystal Maiden,0,1,0,0,0,1,0,1,3,6,120,383,5,0,10,7,2,10,4,0.90909094,95.466675,0,0,0,0,0,0,13/08/2026
8942993144,1130024,Team Falcons vs LGD Gaming,1,2446,81,0,100058342,skiter,9247354,Team Falcons,core,73,Alchemist,0,0,0,0,1,0,0,0,6,5,413,710,31,0,2,6,5,4,0,0.5,98.80231,1,0,0,0,0,0,13/08/2026
8942993144,1130024,Team Falcons vs LGD Gaming,1,2446,81,0,898455820,Malr1ne,9247354,Team Falcons,mid,59,Huskar,0,1,0,0,0,1,1,0,7,5,382,579,10,5,2,1,0,2,0,0.54545456,2.333252,0,2,1,0,0,0,13/08/2026
8942993144,1130024,Team Falcons vs LGD Gaming,1,2446,81,0,183719386,AMMAR_THE_F,9247354,Team Falcons,core,129,Mars,1,0,0,0,0,0,0,0,3,8,284,469,9,0,0,4,4,3,0,0.59090906,83.033905,0,0,0,0,1,0,13/08/2026
8942993144,1130024,Team Falcons vs LGD Gaming,1,2446,81,0,25907144,Cr1t-,9247354,Team Falcons,support,79,Shadow Demon,1,0,0,0,0,0,1,1,3,12,53,292,1,0,3,7,3,4,3,0.72727275,28.033447,0,0,0,0,1,0,13/08/2026
8942993144,1130024,Team Falcons vs LGD Gaming,1,2446,81,0,177203952,Yuma,10150538,LGD Gaming,core,12,Phantom Lancer,0,1,0,0,0,0,0,0,15,2,498,858,16,6,0,1,4,1,0,0.6388889,0,0,1,0,0,1,1,13/08/2026
8942993144,1130024,Team Falcons vs LGD Gaming,1,2446,81,0,94054712,Topson,10150538,LGD Gaming,mid,21,Windranger,0,0,1,0,0,0,0,1,7,3,323,619,11,2,1,1,13,1,0,0.5555556,44.83218,0,0,0,0,0,1,13/08/2026
8942993144,1130024,Team Falcons vs LGD Gaming,1,2446,81,0,292921272,Wisper,10150538,LGD Gaming,core,128,Snapfire,1,0,0,0,0,0,0,0,6,4,500,763,24,1,0,10,4,13,0,0.5833333,34.4673,0,0,0,0,0,1,13/08/2026
8942993144,1130024,Team Falcons vs LGD Gaming,1,2446,81,0,105045291,Thiolicor,10150538,LGD Gaming,support,100,Tusk,0,0,0,0,0,1,0,0,4,7,50,391,1,0,9,3,5,13,5,0.5833333,39.867413,0,0,1,0,2,1,13/08/2026
8942993144,1130024,Team Falcons vs LGD Gaming,1,2446,81,0,81306398,KingJungles,10150538,LGD Gaming,support,123,Hoodwink,0,0,1,0,0,0,0,0,4,6,55,354,4,0,9,6,2,6,1,0.5277778,38.86593,0,0,0,0,1,1,13/08/2026
8943000927,1130028,Nigma Galaxy  vs Iron Wing,1,1649,41,0,111620041,SumaiL-,10136357,Nigma Galaxy ,core,54,Lifestealer,0,0,0,0,0,0,1,0,0,3,310,515,8,0,0,2,2,3,0,0,0,0,0,0,0,0,0,13/08/2026
8943000927,1130028,Nigma Galaxy  vs Iron Wing,1,1649,41,0,152168157,OmaR,10136357,Nigma Galaxy ,support,51,Clockwerk,1,0,0,0,0,0,0,1,0,7,49,239,0,0,8,0,4,7,3,1,28.065605,0,0,0,0,1,0,13/08/2026
8943000927,1130028,Nigma Galaxy  vs Iron Wing,1,1649,41,0,138880576,Davai,10136357,Nigma Galaxy ,core,28,Slardar,0,0,0,1,0,1,0,0,1,7,177,351,7,0,0,0,1,0,0,0.5,21.099558,0,0,0,0,0,0,13/08/2026
8943000927,1130028,Nigma Galaxy  vs Iron Wing,1,1649,41,0,101356886,GH,10136357,Nigma Galaxy ,support,9,Mirana,0,1,0,0,0,0,0,0,0,6,51,244,0,0,4,7,1,5,2,0.25,18.466705,0,0,0,0,0,0,13/08/2026
8943000927,1130028,Nigma Galaxy  vs Iron Wing,1,1649,41,0,210053851,lorenof,10136357,Nigma Galaxy ,mid,59,Huskar,0,1,0,0,0,1,1,0,3,7,247,441,18,1,2,1,2,0,0,0.75,0,0,0,0,0,0,0,13/08/2026
8943000927,1130028,Nigma Galaxy  vs Iron Wing,1,1649,41,0,86698277,33,10150413,Iron Wing,core,96,Centaur Warrunner,0,0,0,0,1,0,0,0,4,0,262,622,10,0,0,2,1,0,0,0.53333336,25.667484,1,0,0,0,0,1,13/08/2026
8943000927,1130028,Nigma Galaxy  vs Iron Wing,1,1649,41,0,346412363,Ari,10150413,Iron Wing,support,123,Hoodwink,0,0,1,0,0,0,0,0,7,0,46,358,0,0,2,8,2,3,1,0.73333335,17.533228,0,0,0,0,1,1,13/08/2026
8943000927,1130028,Nigma Galaxy  vs Iron Wing,1,1649,41,0,136829091,Whitemon,10150413,Iron Wing,support,85,Undying,0,0,1,0,0,0,1,0,7,4,71,417,2,0,10,4,1,9,4,0.73333335,0,0,0,0,0,0,1,13/08/2026
8943000927,1130028,Nigma Galaxy  vs Iron Wing,1,1649,41,0,93618577,bzm,10150413,Iron Wing,mid,7,Earthshaker,0,0,0,0,1,0,0,0,4,1,185,557,5,0,2,2,13,4,0,0.76666665,65.59972,0,0,0,0,0,1,13/08/2026
8943000927,1130028,Nigma Galaxy  vs Iron Wing,1,1649,41,0,331855530,Pure,10150413,Iron Wing,core,10,Morphling,0,1,0,0,0,1,0,0,8,0,345,778,13,7,0,4,2,1,0,0.6333333,9.733192,0,1,0,0,1,1,13/08/2026
8943010675,1130027,Team Resilience vs TEAM VISION,1,2517,2,0,170896543,YSR-04E,5017210,Team Resilience,core,67,Spectre,0,0,0,1,0,0,1,0,7,8,403,561,28,0,0,0,3,0,0,0.6363636,0,0,0,0,0,0,0,13/08/2026
8943010675,1130027,Team Resilience vs TEAM VISION,1,2517,2,0,315272623,Echozz,5017210,Team Resilience,mid,107,Earth Spirit,0,0,1,0,0,0,1,0,5,4,255,449,9,1,3,2,13,2,0,0.77272725,19.066542,0,0,0,0,0,0,13/08/2026
8943010675,1130027,Team Resilience vs TEAM VISION,1,2517,2,0,145957968,niu,5017210,Team Resilience,core,2,Axe,1,0,0,0,0,0,0,0,8,9,251,425,9,0,0,3,0,2,0,0.59090906,55.533028,1,0,0,0,0,0,13/08/2026
8943010675,1130027,Team Resilience vs TEAM VISION,1,2517,2,0,150961567,planet,5017210,Team Resilience,support,86,Rubick,0,0,1,0,1,0,0,1,1,7,86,314,2,0,8,7,1,9,2,0.6818182,39.73252,0,0,0,0,0,0,13/08/2026
8943010675,1130027,Team Resilience vs TEAM VISION,1,2517,2,0,249835593,zzq,5017210,Team Resilience,support,112,Winter Wyvern,0,1,0,0,0,1,0,0,1,9,27,243,1,0,9,1,2,3,6,0.59090906,18.591028,0,0,0,0,1,0,13/08/2026
8943010675,1130027,Team Resilience vs TEAM VISION,1,2517,2,0,1044002267,Satanic,9572001,TEAM VISION,core,19,Tiny,0,0,0,0,1,0,0,0,16,1,596,853,21,3,0,3,7,2,0,0.7297297,42.399895,0,0,0,0,0,1,13/08/2026
8943010675,1130027,Team Resilience vs TEAM VISION,1,2517,2,0,195108598,Noticed,9572001,TEAM VISION,core,96,Centaur Warrunner,0,0,0,0,1,0,0,0,4,3,440,665,15,2,0,0,3,0,0,0.6486486,61.53472,0,0,0,0,0,1,13/08/2026
8943010675,1130027,Team Resilience vs TEAM VISION,1,2517,2,0,106573901,No[o]ne-,9572001,TEAM VISION,mid,25,Lina,1,0,0,0,0,1,0,0,4,4,466,655,18,1,2,2,10,2,0,0.6216216,39.569828,0,0,1,0,0,1,13/08/2026
8943010675,1130027,Team Resilience vs TEAM VISION,1,2517,2,0,164199202,9Class,9572001,TEAM VISION,support,119,Dark Willow,0,0,1,1,0,0,0,0,6,7,81,387,2,1,5,5,4,13,1,0.6216216,150.3255,0,1,0,0,0,1,13/08/2026
8943010675,1130027,Team Resilience vs TEAM VISION,1,2517,2,0,73401082,Dukalis,9572001,TEAM VISION,support,9,Mirana,0,1,0,0,0,0,0,0,6,7,96,426,2,0,12,1,1,5,4,0.6486486,33.833237,0,1,0,0,0,1,13/08/2026
8943013334,1130032,BoomBoys vs OG,1,2722,47,0,172099728,Kiritych~,8255888,BoomBoys,core,80,Lone Druid,0,0,0,0,1,0,0,0,6,0,680,856,23,7,0,7,8,2,0,0.6363636,43.701237,1,1,0,0,0,1,13/08/2026
8943013334,1130032,BoomBoys vs OG,1,2722,47,0,480412663,gpk~,8255888,BoomBoys,mid,106,Ember Spirit,1,0,0,0,0,1,1,0,8,2,562,736,13,0,2,2,11,0,0,0.72727275,71.034195,0,1,0,0,0,1,13/08/2026
8943013334,1130032,BoomBoys vs OG,1,2722,47,0,165564598,MieRo,8255888,BoomBoys,core,104,Legion Commander,1,0,0,0,0,0,0,0,4,4,345,536,22,1,0,3,1,4,0,0.54545456,37.966827,0,0,0,0,0,1,13/08/2026
8943013334,1130032,BoomBoys vs OG,1,2722,47,0,317880638,Save-,8255888,BoomBoys,support,21,Windranger,0,0,1,0,0,0,0,1,2,4,92,350,0,0,4,6,3,4,5,0.6818182,42.899952,0,0,0,0,3,1,13/08/2026
8943013334,1130032,BoomBoys vs OG,1,2722,47,0,196878136,Kataomi`,8255888,BoomBoys,support,85,Undying,0,0,1,0,0,0,1,0,2,3,59,314,1,0,16,3,3,14,2,0.5,0,0,0,0,0,0,1,13/08/2026
8943013334,1130032,BoomBoys vs OG,1,2722,47,0,324277900,Yopaj-,2586976,OG,mid,25,Lina,1,0,0,0,0,1,0,0,7,4,473,568,23,0,2,3,6,1,0,0.7692308,38.868446,0,0,0,0,0,0,13/08/2026
8943013334,1130032,BoomBoys vs OG,1,2722,47,0,155494381,TIMS,2586976,OG,support,123,Hoodwink,0,0,1,0,0,0,0,0,0,6,90,275,2,0,7,3,7,12,2,0.6923077,74.23233,0,0,0,0,0,0,13/08/2026
8943013334,1130032,BoomBoys vs OG,1,2722,47,0,132309493,Raven,2586976,OG,core,33,Enigma,0,0,0,1,0,0,0,0,0,4,327,475,7,2,0,1,0,2,0,0.61538464,33.499836,0,0,0,0,0,0,13/08/2026
8943013334,1130032,BoomBoys vs OG,1,2722,47,0,100594231,skem,2586976,OG,support,9,Mirana,0,1,0,0,0,0,0,0,2,4,139,339,4,0,12,3,5,6,6,0.6923077,56.100048,0,0,0,0,1,0,13/08/2026
8943013334,1130032,BoomBoys vs OG,1,2722,47,0,355168766,Natsumi,2586976,OG,core,145,Kez,0,1,0,0,0,0,0,0,4,4,450,539,23,0,0,2,3,2,0,0.53846157,8.033155,0,0,1,0,0,0,13/08/2026
8943034557,1130024,Team Falcons vs LGD Gaming,2,2256,158,0,10366616,Sneyking,9247354,Team Falcons,support,9,Mirana,0,1,0,0,0,0,0,0,5,1,142,449,7,1,10,5,0,10,5,0.6896552,24.233143,1,0,1,0,2,1,13/08/2026
8943034557,1130024,Team Falcons vs LGD Gaming,2,2256,158,0,100058342,skiter,9247354,Team Falcons,core,19,Tiny,0,0,0,0,1,0,0,0,8,1,374,705,16,7,1,1,5,3,0,0.6896552,31.89975,0,0,1,0,0,1,13/08/2026
8943034557,1130024,Team Falcons vs LGD Gaming,2,2256,158,0,898455820,Malr1ne,9247354,Team Falcons,mid,120,Pangolier,1,0,0,0,0,0,0,0,10,1,354,711,6,2,1,1,8,2,0,0.6551724,26.518942,0,0,0,0,0,1,13/08/2026
8943034557,1130024,Team Falcons vs LGD Gaming,2,2256,158,0,183719386,AMMAR_THE_F,9247354,Team Falcons,core,36,Necrophos,0,0,1,0,0,0,1,0,4,4,485,753,24,0,0,3,3,3,0,0.37931034,7.5664062,0,1,0,0,0,1,13/08/2026
8943034557,1130024,Team Falcons vs LGD Gaming,2,2256,158,0,25907144,Cr1t-,9247354,Team Falcons,support,79,Shadow Demon,1,0,0,0,0,0,1,1,1,2,62,374,0,0,6,10,1,4,1,0.5862069,27.66632,0,1,0,0,1,1,13/08/2026
8943034557,1130024,Team Falcons vs LGD Gaming,2,2256,158,0,177203952,Yuma,10150538,LGD Gaming,core,25,Lina,1,0,0,0,0,1,0,0,3,3,454,577,22,0,0,4,3,1,0,0.7777778,27.234211,0,0,0,0,0,0,13/08/2026
8943034557,1130024,Team Falcons vs LGD Gaming,2,2256,158,0,94054712,Topson,10150538,LGD Gaming,mid,72,Gyrocopter,0,0,0,0,1,0,0,1,1,5,316,468,15,0,2,0,8,0,0,0.5555556,36.233055,0,0,0,0,0,0,13/08/2026
8943034557,1130024,Team Falcons vs LGD Gaming,2,2256,158,0,292921272,Wisper,10150538,LGD Gaming,core,55,Dark Seer,0,0,0,1,0,0,0,0,3,5,440,682,18,2,0,6,3,5,0,0.44444445,9.599761,0,0,0,0,1,0,13/08/2026
8943034557,1130024,Team Falcons vs LGD Gaming,2,2256,158,0,105045291,Thiolicor,10150538,LGD Gaming,support,71,Spirit Breaker,0,1,0,0,0,0,0,0,2,7,57,278,3,0,5,4,4,13,1,0.7777778,35.800034,0,0,0,0,1,0,13/08/2026
8943034557,1130024,Team Falcons vs LGD Gaming,2,2256,158,0,81306398,KingJungles,10150538,LGD Gaming,support,51,Clockwerk,1,0,0,0,0,0,0,1,0,9,35,254,1,0,9,5,5,6,3,0.6666667,25.60023,0,0,0,0,2,0,13/08/2026
8943038404,1130028,Nigma Galaxy  vs Iron Wing,2,3264,6,0,111620041,SumaiL-,10136357,Nigma Galaxy ,core,36,Necrophos,0,0,1,0,0,0,1,0,8,7,809,848,33,1,0,3,1,3,0,0.85,12.099586,0,1,0,0,0,0,13/08/2026
8943038404,1130028,Nigma Galaxy  vs Iron Wing,2,3264,6,0,152168157,OmaR,10136357,Nigma Galaxy ,support,27,Shadow Shaman,0,0,0,0,1,0,0,1,3,20,88,290,0,0,14,1,1,8,4,0.6,97.26657,0,0,0,0,2,0,13/08/2026
8943038404,1130028,Nigma Galaxy  vs Iron Wing,2,3264,6,0,138880576,Davai,10136357,Nigma Galaxy ,core,155,Largo,0,0,1,0,1,0,0,0,3,13,403,531,8,1,0,6,0,2,0,0.55,9.265454,0,0,0,0,0,0,13/08/2026
8943038404,1130028,Nigma Galaxy  vs Iron Wing,2,3264,6,0,101356886,GH,10136357,Nigma Galaxy ,support,3,Bane,0,0,0,1,0,0,0,0,1,11,17,247,0,0,10,0,2,13,4,0.8,56.10132,0,0,0,0,0,0,13/08/2026
8943038404,1130028,Nigma Galaxy  vs Iron Wing,2,3264,6,0,210053851,lorenof,10136357,Nigma Galaxy ,mid,17,Storm Spirit,0,1,0,0,0,0,1,0,5,5,566,639,19,1,2,1,9,0,0,0.65,31.999584,0,0,0,0,1,0,13/08/2026
8943038404,1130028,Nigma Galaxy  vs Iron Wing,2,3264,6,0,86698277,33,10150413,Iron Wing,core,77,Lycan,1,0,0,0,0,0,0,0,12,3,563,787,30,7,1,1,5,0,0,0.71428573,3.0002441,1,1,1,0,0,1,13/08/2026
8943038404,1130028,Nigma Galaxy  vs Iron Wing,2,3264,6,0,346412363,Ari,10150413,Iron Wing,support,123,Hoodwink,0,0,1,0,0,0,0,0,9,3,166,432,4,0,6,5,7,8,5,0.75,80.864845,0,0,0,0,0,1,13/08/2026
8943038404,1130028,Nigma Galaxy  vs Iron Wing,2,3264,6,0,136829091,Whitemon,10150413,Iron Wing,support,131,Ringmaster,1,0,0,0,1,0,0,0,3,7,23,333,0,0,17,4,4,18,4,0.73214287,84.80233,0,0,0,0,0,1,13/08/2026
8943038404,1130028,Nigma Galaxy  vs Iron Wing,2,3264,6,0,93618577,bzm,10150413,Iron Wing,mid,107,Earth Spirit,0,0,1,0,0,0,1,0,14,2,378,661,3,0,1,1,19,3,0,0.78571427,23.820814,0,0,0,0,0,1,13/08/2026
8943038404,1130028,Nigma Galaxy  vs Iron Wing,2,3264,6,0,331855530,Pure,10150413,Iron Wing,core,145,Kez,0,1,0,0,0,0,0,0,18,5,663,819,18,2,0,7,6,1,0,0.75,17.965893,0,2,0,0,2,1,13/08/2026
8943053016,1130027,TEAM VISION vs Team Resilience,2,2898,199,0,1044002267,Satanic,9572001,TEAM VISION,core,11,Shadow Fiend,1,0,0,0,0,0,1,0,17,5,579,759,27,3,0,1,5,3,0,0.575,0.6665529,1,2,0,0,0,0,13/08/2026
8943053016,1130027,TEAM VISION vs Team Resilience,2,2898,199,0,195108598,Noticed,9572001,TEAM VISION,core,77,Lycan,1,0,0,0,0,0,0,0,6,3,487,626,17,1,0,2,3,4,0,0.625,7.7330074,0,1,0,0,0,0,13/08/2026
8943053016,1130027,TEAM VISION vs Team Resilience,2,2898,199,0,106573901,No[o]ne-,9572001,TEAM VISION,mid,28,Slardar,0,0,0,1,0,1,0,0,9,7,350,516,9,0,2,3,14,7,0,0.625,62.231907,0,0,1,0,0,0,13/08/2026
8943053016,1130027,TEAM VISION vs Team Resilience,2,2898,199,0,164199202,9Class,9572001,TEAM VISION,support,86,Rubick,0,0,1,0,1,0,0,1,4,4,157,364,1,0,4,2,2,11,1,0.55,51.099243,0,0,0,0,0,0,13/08/2026
8943053016,1130027,TEAM VISION vs Team Resilience,2,2898,199,0,73401082,Dukalis,9572001,TEAM VISION,support,85,Undying,0,0,1,0,0,0,1,0,4,12,51,320,1,0,16,0,2,4,7,0.625,0,0,0,0,0,0,0,13/08/2026
8943053016,1130027,TEAM VISION vs Team Resilience,2,2898,199,0,170896543,YSR-04E,5017210,Team Resilience,core,6,Drow Ranger,0,0,0,1,0,1,0,1,11,5,690,914,26,8,0,5,5,2,0,0.67741936,0,0,0,1,0,0,1,13/08/2026
8943053016,1130027,TEAM VISION vs Team Resilience,2,2898,199,0,315272623,Echozz,5017210,Team Resilience,mid,107,Earth Spirit,0,0,1,0,0,0,1,0,6,8,324,599,7,0,1,0,6,6,0,0.7419355,31.699673,0,0,0,0,0,1,13/08/2026
8943053016,1130027,TEAM VISION vs Team Resilience,2,2898,199,0,145957968,niu,5017210,Team Resilience,core,128,Snapfire,1,0,0,0,0,0,0,0,9,4,309,629,15,0,0,2,0,2,0,0.8064516,66.8675,0,1,0,0,0,1,13/08/2026
8943053016,1130027,TEAM VISION vs Team Resilience,2,2898,199,0,150961567,planet,5017210,Team Resilience,support,51,Clockwerk,1,0,0,0,0,0,0,1,1,11,48,338,1,0,10,2,6,11,2,0.83870965,64.83078,0,0,0,0,3,1,13/08/2026
8943053016,1130027,TEAM VISION vs Team Resilience,2,2898,199,0,249835593,zzq,5017210,Team Resilience,support,110,Phoenix,1,0,0,0,1,1,0,0,4,13,170,456,7,0,11,3,5,6,6,0.61290324,9.299853,0,0,0,0,0,1,13/08/2026
8943055466,1130032,OG vs BoomBoys,2,2215,222,0,324277900,Yopaj-,2586976,OG,mid,19,Tiny,0,0,0,0,1,0,0,0,1,3,288,465,6,0,3,2,6,2,2,0.71428573,18.232197,0,0,0,0,0,0,13/08/2026
8943055466,1130032,OG vs BoomBoys,2,2215,222,0,155494381,TIMS,2586976,OG,support,123,Hoodwink,0,0,1,0,0,0,0,0,2,6,60,275,2,0,8,0,2,9,3,0.5714286,47.265686,1,0,0,0,1,0,13/08/2026
8943055466,1130032,OG vs BoomBoys,2,2215,222,0,132309493,Raven,2586976,OG,core,2,Axe,1,0,0,0,0,0,0,0,0,7,296,448,10,1,0,6,3,1,0,0.42857143,38.6,0,0,0,0,1,0,13/08/2026
8943055466,1130032,OG vs BoomBoys,2,2215,222,0,100594231,skem,2586976,OG,support,62,Bounty Hunter,0,0,0,0,1,0,0,1,0,10,32,249,0,0,5,3,8,7,0,0.42857143,12,0,0,0,0,6,0,13/08/2026
8943055466,1130032,OG vs BoomBoys,2,2215,222,0,355168766,Natsumi,2586976,OG,core,46,Templar Assassin,0,0,0,1,0,0,0,0,4,3,560,745,24,1,0,1,1,1,1,0.85714287,0,0,0,0,0,0,0,13/08/2026
8943055466,1130032,OG vs BoomBoys,2,2215,222,0,172099728,Kiritych~,8255888,BoomBoys,core,36,Necrophos,0,0,1,0,0,0,1,0,9,1,584,857,18,0,0,4,3,1,0,0.6896552,7.5331545,0,0,0,0,1,1,13/08/2026
8943055466,1130032,OG vs BoomBoys,2,2215,222,0,480412663,gpk~,8255888,BoomBoys,mid,25,Lina,1,0,0,0,0,1,0,0,9,1,390,683,12,7,2,8,8,1,0,0.51724136,27.86767,0,2,1,0,1,1,13/08/2026
8943055466,1130032,OG vs BoomBoys,2,2215,222,0,196878136,Kataomi`,8255888,BoomBoys,support,85,Undying,0,0,1,0,0,0,1,0,2,4,42,354,0,0,12,1,2,6,2,0.62068963,0,0,0,0,0,1,1,13/08/2026
8943055466,1130032,OG vs BoomBoys,2,2215,222,0,165564598,MieRo,8255888,BoomBoys,core,96,Centaur Warrunner,0,0,0,0,1,0,0,0,5,0,404,712,14,2,0,3,2,2,0,0.62068963,32.767097,0,0,0,0,0,1,13/08/2026
8943055466,1130032,OG vs BoomBoys,2,2215,222,0,317880638,Save-,8255888,BoomBoys,support,119,Dark Willow,0,0,1,1,0,0,0,0,4,1,48,348,2,0,4,1,1,9,4,0.6551724,82.565895,0,0,0,0,0,1,13/08/2026
8943072784,1130024,Team Falcons vs LGD Gaming,3,2640,114,1,10366616,Sneyking,9247354,Team Falcons,support,5,Crystal Maiden,0,1,0,0,0,1,0,1,5,5,86,389,5,0,12,10,4,12,5,0.5263158,80.8999,0,0,0,0,0,1,13/08/2026
8943072784,1130024,Team Falcons vs LGD Gaming,3,2640,114,1,100058342,skiter,9247354,Team Falcons,core,18,Sven,1,1,0,0,0,0,0,1,6,6,491,677,22,5,1,1,4,2,0,0.36842105,23.933594,0,0,0,0,0,1,13/08/2026
8943072784,1130024,Team Falcons vs LGD Gaming,3,2640,114,1,898455820,Malr1ne,9247354,Team Falcons,mid,25,Lina,1,0,0,0,0,1,0,0,12,2,448,726,11,4,2,6,10,2,0,0.5263158,37.101025,0,0,1,0,0,1,13/08/2026
8943072784,1130024,Team Falcons vs LGD Gaming,3,2640,114,1,183719386,AMMAR_THE_F,9247354,Team Falcons,core,120,Pangolier,1,0,0,0,0,0,0,0,12,4,471,743,18,2,0,3,4,8,0,0.55263156,28.05164,0,1,0,0,0,1,13/08/2026
8943072784,1130024,Team Falcons vs LGD Gaming,3,2640,114,1,25907144,Cr1t-,9247354,Team Falcons,support,51,Clockwerk,1,0,0,0,0,0,0,1,3,4,51,354,2,0,5,7,2,6,2,0.6315789,59.364536,0,0,0,0,0,1,13/08/2026
8943072784,1130024,Team Falcons vs LGD Gaming,3,2640,114,1,177203952,Yuma,10150538,LGD Gaming,core,21,Windranger,0,0,1,0,0,0,0,1,9,7,411,591,18,0,0,2,0,1,0,0.7619048,18.100147,0,1,1,0,1,0,13/08/2026
8943072784,1130024,Team Falcons vs LGD Gaming,3,2640,114,1,94054712,Topson,10150538,LGD Gaming,mid,49,Dragon Knight,1,0,0,0,0,1,0,0,3,5,432,543,21,2,1,0,9,2,1,0.71428573,38.566303,0,0,0,0,0,0,13/08/2026
8943072784,1130024,Team Falcons vs LGD Gaming,3,2640,114,1,292921272,Wisper,10150538,LGD Gaming,core,65,Batrider,1,0,0,0,1,1,0,1,3,8,384,535,13,0,0,8,5,11,0,0.6666667,27.733849,0,0,0,0,1,0,13/08/2026
8943072784,1130024,Team Falcons vs LGD Gaming,3,2640,114,1,105045291,Thiolicor,10150538,LGD Gaming,support,79,Shadow Demon,1,0,0,0,0,0,1,1,3,12,56,257,4,0,8,4,6,15,2,0.52380955,27.66626,1,0,0,0,1,0,13/08/2026
8943072784,1130024,Team Falcons vs LGD Gaming,3,2640,114,1,81306398,KingJungles,10150538,LGD Gaming,support,9,Mirana,0,1,0,0,0,0,0,0,3,6,81,330,4,0,10,2,1,5,5,0.7619048,37.066605,0,0,0,0,1,0,13/08/2026
8943091110,1130045,Team Liquid vs Vici Gaming,1,3610,90,0,16497807,tOfu,2163,Team Liquid,support,112,Winter Wyvern,0,1,0,0,0,1,0,0,2,4,95,325,4,0,13,2,5,7,7,0.53846157,37.782906,0,0,0,0,1,1,13/08/2026
8943091110,1130045,Team Liquid vs Vici Gaming,1,3610,90,0,97590558,Ace ♠,2163,Team Liquid,core,108,Underlord,0,0,1,0,0,0,1,0,4,5,686,697,25,0,0,7,2,6,0,0.74358976,289.9994,0,0,0,0,0,1,13/08/2026
8943091110,1130045,Team Liquid vs Vici Gaming,1,3610,90,0,201358612,Nisha,2163,Team Liquid,mid,25,Lina,1,0,0,0,0,1,0,0,13,5,758,795,20,3,1,12,20,2,0,0.7692308,97.036026,0,0,0,0,0,1,13/08/2026
8943091110,1130045,Team Liquid vs Vici Gaming,1,3610,90,0,77490514,Boxi,2163,Team Liquid,support,51,Clockwerk,1,0,0,0,0,0,0,1,1,7,54,353,0,1,14,2,12,11,2,0.7948718,97.43595,1,0,0,0,3,1,13/08/2026
8943091110,1130045,Team Liquid vs Vici Gaming,1,3610,90,0,152962063,m1CKe,2163,Team Liquid,core,145,Kez,0,1,0,0,0,0,0,0,19,4,678,824,10,3,0,4,5,8,0,0.82051283,27.299917,0,2,3,0,0,1,13/08/2026
8943091110,1130045,Team Liquid vs Vici Gaming,1,3610,90,0,320252024,shiro,726228,Vici Gaming,core,21,Windranger,0,0,1,0,0,0,0,1,13,2,767,777,21,4,0,1,5,1,0,0.76,27.09927,0,1,1,0,0,0,13/08/2026
8943091110,1130045,Team Liquid vs Vici Gaming,1,3610,90,0,137129583,Xm,726228,Vici Gaming,mid,107,Earth Spirit,0,0,1,0,0,0,1,0,2,11,434,498,8,0,2,1,5,9,0,0.68,14.566066,0,0,0,0,0,0,13/08/2026
8943091110,1130045,Team Liquid vs Vici Gaming,1,3610,90,0,118134220,Bach,726228,Vici Gaming,core,47,Viper,0,0,1,0,0,0,0,0,7,6,442,532,9,2,0,2,0,1,0,0.52,0,0,1,0,0,0,0,13/08/2026
8943091110,1130045,Team Liquid vs Vici Gaming,1,3610,90,0,157475523,XinQ,726228,Vici Gaming,support,91,Io,0,1,0,0,0,0,0,0,1,6,281,373,18,0,3,1,2,7,0,0.72,0,0,0,0,0,0,0,13/08/2026
8943091110,1130045,Team Liquid vs Vici Gaming,1,3610,90,0,111114687,y`,726228,Vici Gaming,support,100,Tusk,0,0,0,0,0,1,0,0,2,14,56,294,0,0,23,2,5,10,10,0.48,30.667555,0,0,0,0,0,0,13/08/2026
8943097729,1130047,GamerLegion vs Aurora Gaming,1,4369,124,0,206642367,Ghost,9964962,GamerLegion,core,21,Windranger,0,0,1,0,0,0,0,1,6,7,796,650,31,1,1,1,5,3,0,0.51282054,52.500446,1,2,0,0,0,0,13/08/2026
8943097729,1130047,GamerLegion vs Aurora Gaming,1,4369,124,0,154974246,RCY,9964962,GamerLegion,mid,107,Earth Spirit,0,0,1,0,0,0,1,0,13,6,604,620,10,2,2,0,8,4,0,0.7948718,34.09929,0,1,0,0,0,0,13/08/2026
8943097729,1130047,GamerLegion vs Aurora Gaming,1,4369,124,0,191362875,Speeed,9964962,GamerLegion,support,9,Mirana,0,1,0,0,0,0,0,0,9,9,331,431,8,0,6,5,4,12,5,0.7692308,83.16658,0,0,0,0,2,0,13/08/2026
8943097729,1130047,GamerLegion vs Aurora Gaming,1,4369,124,0,90423751,Bignum,9964962,GamerLegion,support,119,Dark Willow,0,0,1,1,0,0,0,0,5,14,61,324,2,0,22,1,5,10,5,0.51282054,217.20006,0,0,0,0,0,0,13/08/2026
8943097729,1130047,GamerLegion vs Aurora Gaming,1,4369,124,0,160119017,Fayde,9964962,GamerLegion,core,155,Largo,0,0,1,0,1,0,0,0,6,5,689,649,26,4,0,10,5,2,0,0.5641026,17.294416,0,1,0,0,0,0,13/08/2026
8943097729,1130047,GamerLegion vs Aurora Gaming,1,4369,124,0,124801257,Nightfall,9467224,Aurora Gaming,core,19,Tiny,0,0,0,0,1,0,0,0,11,5,762,720,24,5,0,1,8,0,1,0.63414633,59.201836,0,0,1,0,1,1,13/08/2026
8943097729,1130047,GamerLegion vs Aurora Gaming,1,4369,124,0,301750126,Mikoto,9467224,Aurora Gaming,mid,25,Lina,1,0,0,0,0,1,0,0,11,3,844,777,30,0,2,4,21,2,0,0.63414633,65.20403,0,1,1,0,1,1,13/08/2026
8943097729,1130047,GamerLegion vs Aurora Gaming,1,4369,124,0,126842529,Ws`,9467224,Aurora Gaming,core,98,Timbersaw,0,0,0,1,0,0,0,0,12,7,777,765,18,1,1,6,4,5,0,0.63414633,31.266237,0,1,0,0,1,1,13/08/2026
8943097729,1130047,GamerLegion vs Aurora Gaming,1,4369,124,0,256156323,Mira,9467224,Aurora Gaming,support,100,Tusk,0,0,0,0,0,1,0,0,4,11,135,366,1,0,16,2,9,20,6,0.5609756,72.13153,0,0,0,0,2,1,13/08/2026
8943097729,1130047,GamerLegion vs Aurora Gaming,1,4369,124,0,320219866,kaori,9467224,Aurora Gaming,support,112,Winter Wyvern,0,1,0,0,0,1,0,0,2,13,108,366,2,0,12,5,5,18,3,0.3902439,31.773972,0,0,0,0,2,1,13/08/2026
8943098449,1130027,TEAM VISION vs Team Resilience,3,1946,88,1,1044002267,Satanic,9572001,TEAM VISION,core,53,Nature's Prophet,0,0,1,0,0,0,0,1,14,0,543,948,14,4,0,2,3,0,0,0.675,0,1,0,0,0,0,1,13/08/2026
8943098449,1130027,TEAM VISION vs Team Resilience,3,1946,88,1,195108598,Noticed,9572001,TEAM VISION,core,69,Doom,1,0,0,0,0,1,1,0,6,1,355,712,17,0,0,6,5,3,0,0.55,13.63407,0,0,0,0,0,1,13/08/2026
8943098449,1130027,TEAM VISION vs Team Resilience,3,1946,88,1,106573901,No[o]ne-,9572001,TEAM VISION,mid,128,Snapfire,1,0,0,0,0,0,0,0,7,4,278,601,10,1,1,3,11,1,0,0.425,23.800676,0,0,0,0,0,1,13/08/2026
8943098449,1130027,TEAM VISION vs Team Resilience,3,1946,88,1,164199202,9Class,9572001,TEAM VISION,support,119,Dark Willow,0,0,1,1,0,0,0,0,9,11,48,370,2,0,5,3,3,10,0,0.625,83.16599,0,0,0,0,0,1,13/08/2026
8943098449,1130027,TEAM VISION vs Team Resilience,3,1946,88,1,73401082,Dukalis,9572001,TEAM VISION,support,85,Undying,0,0,1,0,0,0,1,0,3,2,50,368,0,0,9,0,2,5,6,0.6,0,0,1,0,0,0,1,13/08/2026
8943098449,1130027,TEAM VISION vs Team Resilience,3,1946,88,1,170896543,YSR-04E,5017210,Team Resilience,core,20,Vengeful Spirit,0,1,0,0,0,0,1,0,4,10,288,504,18,1,1,3,1,1,0,0.5,20.233788,0,0,0,0,0,0,13/08/2026
8943098449,1130027,TEAM VISION vs Team Resilience,3,1946,88,1,315272623,Echozz,5017210,Team Resilience,mid,16,Sand King,0,0,0,0,1,0,0,0,8,6,240,543,11,0,0,0,8,2,0,0.7777778,31.732782,0,0,0,0,0,0,13/08/2026
8943098449,1130027,TEAM VISION vs Team Resilience,3,1946,88,1,145957968,niu,5017210,Team Resilience,core,98,Timbersaw,0,0,0,1,0,0,0,0,3,8,289,542,9,0,0,3,3,3,0,0.5,0,0,0,1,1,0,0,13/08/2026
8943098449,1130027,TEAM VISION vs Team Resilience,3,1946,88,1,150961567,planet,5017210,Team Resilience,support,90,Keeper of the Light,0,0,0,0,1,0,0,0,2,6,122,373,3,0,7,5,0,6,2,0.5,0,0,0,0,0,1,0,13/08/2026
8943098449,1130027,TEAM VISION vs Team Resilience,3,1946,88,1,249835593,zzq,5017210,Team Resilience,support,112,Winter Wyvern,0,1,0,0,0,1,0,0,1,11,32,248,1,0,8,6,0,2,3,0.2777778,8.74961,0,0,0,0,0,0,13/08/2026
8943142948,1130053,Team Yandex vs HULIGANI,1,1515,63,0,171262902,医者watson`,9823272,Team Yandex,core,80,Lone Druid,0,0,0,0,1,0,0,0,5,0,397,824,10,5,0,6,4,1,0,0.3478261,16.233837,0,0,0,0,1,1,13/08/2026
8943142948,1130053,Team Yandex vs HULIGANI,1,1515,63,0,312436974,CHIRA_JUNIOR,9823272,Team Yandex,mid,93,Slark,0,0,0,0,0,1,0,0,9,0,157,496,2,1,2,0,5,1,0,0.65217394,0,0,0,0,0,1,1,13/08/2026
8943142948,1130053,Team Yandex vs HULIGANI,1,1515,63,0,56351509,DM,9823272,Team Yandex,core,108,Underlord,0,0,1,0,0,0,1,0,4,1,215,587,5,1,0,2,2,1,0,0.5217391,110.03189,0,0,0,0,1,1,13/08/2026
8943142948,1130053,Team Yandex vs HULIGANI,1,1515,63,0,93817671,Maladych,9823272,Team Yandex,support,85,Undying,0,0,1,0,0,0,1,0,2,2,53,324,0,0,5,1,2,2,2,0.5217391,0,0,0,0,0,1,1,13/08/2026
8943142948,1130053,Team Yandex vs HULIGANI,1,1515,63,0,103735745,Saksa,9823272,Team Yandex,support,90,Keeper of the Light,0,0,0,0,1,0,0,0,2,0,124,437,4,0,5,8,5,6,0,0.5652174,0,0,0,0,0,1,1,13/08/2026
8943142948,1130053,Team Yandex vs HULIGANI,1,1515,63,0,140251702,Mirage`雨,10149530,HULIGANI,mid,106,Ember Spirit,1,0,0,0,0,1,1,0,0,5,115,301,5,0,2,1,3,1,0,0.33333334,24.299484,0,0,0,0,0,0,13/08/2026
8943142948,1130053,Team Yandex vs HULIGANI,1,1515,63,0,145065875,sayuw,10149530,HULIGANI,support,123,Hoodwink,0,0,1,0,0,0,0,0,3,6,55,241,0,0,1,1,0,3,0,1,20.400097,0,0,0,0,0,0,13/08/2026
8943142948,1130053,Team Yandex vs HULIGANI,1,1515,63,0,123787715,RESPECT,10149530,HULIGANI,support,112,Winter Wyvern,0,1,0,0,0,1,0,0,0,5,20,176,0,0,6,7,4,3,2,1,4.5,0,0,0,0,0,0,13/08/2026
8943142948,1130053,Team Yandex vs HULIGANI,1,1515,63,0,320017600,ssnovv1,10149530,HULIGANI,core,73,Alchemist,0,0,0,0,1,0,0,0,0,3,252,569,11,0,1,7,1,0,0,0.6666667,15.065638,0,0,0,0,0,0,13/08/2026
8943142948,1130053,Team Yandex vs HULIGANI,1,1515,63,0,92487440,Corrupted,10149530,HULIGANI,core,55,Dark Seer,0,0,0,1,0,0,0,0,0,4,230,405,10,0,1,4,0,1,1,0,6.099487,0,0,0,0,0,0,13/08/2026
8943143428,1130051,Team Spirit vs Xtreme Gaming,1,3054,78,0,847565596,rue,7119388,Team Spirit,support,85,Undying,0,0,1,0,0,0,1,0,6,9,67,377,2,0,8,0,1,18,3,0.7291667,0,0,0,0,0,2,1,13/08/2026
8943143428,1130051,Team Spirit vs Xtreme Gaming,1,3054,78,0,321580662,Yatoro,7119388,Team Spirit,core,6,Drow Ranger,0,0,0,1,0,1,0,1,6,4,719,843,27,6,1,4,3,1,0,0.45833334,0,0,2,1,0,0,1,13/08/2026
8943143428,1130051,Team Spirit vs Xtreme Gaming,1,3054,78,0,106305042,Larl,7119388,Team Spirit,mid,17,Storm Spirit,0,1,0,0,0,0,1,0,22,1,469,705,19,2,2,1,19,5,0,0.8125,38.833298,0,0,0,0,0,1,13/08/2026
8943143428,1130051,Team Spirit vs Xtreme Gaming,1,3054,78,0,218231587,not_me,7119388,Team Spirit,support,119,Dark Willow,0,0,1,1,0,0,0,0,9,7,71,386,0,0,12,4,2,5,6,0.75,295.2657,1,0,0,0,1,1,13/08/2026
8943143428,1130051,Team Spirit vs Xtreme Gaming,1,3054,78,0,302214028,Collapse,7119388,Team Spirit,core,60,Night Stalker,0,1,0,0,0,0,0,0,5,5,333,521,6,0,0,1,4,3,0,0.6875,21.231882,0,0,0,0,0,1,13/08/2026
8943143428,1130051,Team Spirit vs Xtreme Gaming,1,3054,78,0,898754153,Ame,8261500,Xtreme Gaming,core,67,Spectre,0,0,0,1,0,0,1,0,7,9,477,619,11,0,0,3,3,2,0,0.6923077,4.1662893,0,0,0,0,0,0,13/08/2026
8943143428,1130051,Team Spirit vs Xtreme Gaming,1,3054,78,0,173978074,NothingToSay,8261500,Xtreme Gaming,mid,34,Tinker,0,0,0,0,1,0,0,1,7,7,534,653,22,0,0,10,7,2,1,0.6923077,28.566221,0,1,1,0,0,0,13/08/2026
8943143428,1130051,Team Spirit vs Xtreme Gaming,1,3054,78,0,129958758,Xxs,8261500,Xtreme Gaming,core,55,Dark Seer,0,0,0,1,0,0,0,0,7,8,397,543,25,2,0,2,3,3,0,0.7692308,23.63194,0,0,0,0,0,0,13/08/2026
8943143428,1130051,Team Spirit vs Xtreme Gaming,1,3054,78,0,101695162,fy,8261500,Xtreme Gaming,support,71,Spirit Breaker,0,1,0,0,0,0,0,0,1,12,83,302,0,0,10,2,6,17,5,0.7692308,61.53348,0,0,0,0,1,0,13/08/2026
8943143428,1130051,Team Spirit vs Xtreme Gaming,1,3054,78,0,94296097,xNova,8261500,Xtreme Gaming,support,112,Winter Wyvern,0,1,0,0,0,1,0,0,3,12,52,287,0,0,14,3,3,10,3,0.46153846,12.100122,0,0,0,0,0,0,13/08/2026
8943148045,1130045,Vici Gaming vs Team Liquid,2,2286,252,0,320252024,shiro,726228,Vici Gaming,core,80,Lone Druid,0,0,0,0,1,0,0,0,1,3,475,561,22,1,0,1,0,0,0,0.33333334,34.100975,0,1,0,0,1,0,13/08/2026
8943148045,1130045,Vici Gaming vs Team Liquid,2,2286,252,0,137129583,Xm,726228,Vici Gaming,mid,13,Puck,0,1,0,0,0,0,0,0,2,3,383,513,10,0,2,2,7,1,0,1,16.166504,0,0,0,0,0,0,13/08/2026
8943148045,1130045,Vici Gaming vs Team Liquid,2,2286,252,0,118134220,Bach,726228,Vici Gaming,core,78,Brewmaster,1,0,0,0,0,1,0,0,0,4,257,443,5,0,1,2,1,2,0,0.6666667,59.966305,0,0,0,0,0,0,13/08/2026
8943148045,1130045,Vici Gaming vs Team Liquid,2,2286,252,0,157475523,XinQ,726228,Vici Gaming,support,119,Dark Willow,0,0,1,1,0,0,0,0,1,7,45,224,0,0,4,3,2,4,5,0.33333334,101.299706,0,0,0,0,0,0,13/08/2026
8943148045,1130045,Vici Gaming vs Team Liquid,2,2286,252,0,111114687,y`,726228,Vici Gaming,support,103,Elder Titan,0,0,0,0,1,0,0,0,2,8,28,255,1,0,10,1,1,7,2,0.6666667,102.93429,0,0,0,0,0,0,13/08/2026
8943148045,1130045,Vici Gaming vs Team Liquid,2,2286,252,0,16497807,tOfu,2163,Team Liquid,support,112,Winter Wyvern,0,1,0,0,0,1,0,0,3,3,42,340,1,0,9,4,2,5,4,0.6,-5.1832275,0,0,0,0,1,1,13/08/2026
8943148045,1130045,Vici Gaming vs Team Liquid,2,2286,252,0,97590558,Ace ♠,2163,Team Liquid,core,28,Slardar,0,0,0,1,0,1,0,0,7,2,307,608,5,2,0,2,0,4,0,0.56,37.365616,0,0,0,0,0,1,13/08/2026
8943148045,1130045,Vici Gaming vs Team Liquid,2,2286,252,0,201358612,Nisha,2163,Team Liquid,mid,106,Ember Spirit,1,0,0,0,0,1,1,0,4,0,269,542,8,1,2,2,17,1,0,0.56,67.86532,0,0,0,0,1,1,13/08/2026
8943148045,1130045,Vici Gaming vs Team Liquid,2,2286,252,0,77490514,Boxi,2163,Team Liquid,support,21,Windranger,0,0,1,0,0,0,0,1,5,1,67,365,0,1,6,4,1,13,2,0.72,15.799826,1,1,0,0,0,1,13/08/2026
8943148045,1130045,Vici Gaming vs Team Liquid,2,2286,252,0,152962063,m1CKe,2163,Team Liquid,core,18,Sven,1,1,0,0,0,0,0,1,5,0,583,808,33,5,1,5,6,0,0,0.36,29.566944,0,1,2,0,1,1,13/08/2026
8943171995,1130047,Aurora Gaming vs GamerLegion,2,2574,10,0,256156323,Mira,9467224,Aurora Gaming,support,90,Keeper of the Light,0,0,0,0,1,0,0,0,2,4,117,394,5,0,9,3,1,14,3,0.7,0,0,0,0,0,2,1,13/08/2026
8943171995,1130047,Aurora Gaming vs GamerLegion,2,2574,10,0,301750126,Mikoto,9467224,Aurora Gaming,mid,126,Void Spirit,0,0,0,1,0,0,1,0,13,1,410,691,9,1,2,0,12,0,0,0.8,0,0,0,0,0,0,1,13/08/2026
8943171995,1130047,Aurora Gaming vs GamerLegion,2,2574,10,0,126842529,Ws`,9467224,Aurora Gaming,core,38,Beastmaster,1,0,0,0,0,0,0,0,5,4,362,653,20,3,0,3,2,1,0,0.46666667,42.83374,0,2,1,0,0,1,13/08/2026
8943171995,1130047,Aurora Gaming vs GamerLegion,2,2574,10,0,320219866,kaori,9467224,Aurora Gaming,support,64,Jakiro,1,1,0,0,0,1,0,0,4,1,85,376,4,0,10,3,2,15,3,0.73333335,40.634087,0,0,1,0,0,1,13/08/2026
8943171995,1130047,Aurora Gaming vs GamerLegion,2,2574,10,0,124801257,Nightfall,9467224,Aurora Gaming,core,21,Windranger,0,0,1,0,0,0,0,1,6,3,466,713,16,2,0,2,2,2,0,0.6,46.531982,0,1,0,0,0,1,13/08/2026
8943171995,1130047,Aurora Gaming vs GamerLegion,2,2574,10,0,206642367,Ghost,9964962,GamerLegion,core,36,Necrophos,0,0,1,0,0,0,1,0,6,5,574,695,43,2,0,3,5,4,0,0.53846157,24.465942,0,0,0,0,0,0,13/08/2026
8943171995,1130047,Aurora Gaming vs GamerLegion,2,2574,10,0,191362875,Speeed,9964962,GamerLegion,support,62,Bounty Hunter,0,0,0,0,1,0,0,1,3,11,19,284,2,0,9,0,10,5,0,0.7692308,32.799683,0,0,0,0,8,0,13/08/2026
8943171995,1130047,Aurora Gaming vs GamerLegion,2,2574,10,0,154974246,RCY,9964962,GamerLegion,mid,74,Invoker,0,0,0,0,0,1,0,1,2,4,352,566,4,1,1,1,2,0,0,0.7692308,60.60292,0,1,0,0,0,0,13/08/2026
8943171995,1130047,Aurora Gaming vs GamerLegion,2,2574,10,0,160119017,Fayde,9964962,GamerLegion,core,108,Underlord,0,0,1,0,0,0,1,0,1,6,306,477,11,1,0,6,3,4,1,0.61538464,160.86241,0,0,0,0,1,0,13/08/2026
8943171995,1130047,Aurora Gaming vs GamerLegion,2,2574,10,0,90423751,Bignum,9964962,GamerLegion,support,9,Mirana,0,1,0,0,0,0,0,0,1,4,123,355,2,0,9,3,5,5,5,0.61538464,34.666676,1,0,0,0,0,0,13/08/2026
8943182700,1130053,Team Yandex vs HULIGANI,2,2927,166,0,171262902,医者watson`,9823272,Team Yandex,core,11,Shadow Fiend,1,0,0,0,0,0,1,0,10,1,684,887,36,8,0,3,5,1,0,0.5151515,8.499975,0,1,1,0,0,1,13/08/2026
8943182700,1130053,Team Yandex vs HULIGANI,2,2927,166,0,312436974,CHIRA_JUNIOR,9823272,Team Yandex,mid,107,Earth Spirit,0,0,1,0,0,0,1,0,14,2,320,600,5,2,2,0,10,2,1,0.7878788,35.80018,0,1,0,0,0,1,13/08/2026
8943182700,1130053,Team Yandex vs HULIGANI,2,2927,166,0,56351509,DM,9823272,Team Yandex,core,55,Dark Seer,0,0,0,1,0,0,0,0,4,4,418,659,10,0,0,5,4,3,0,0.8181818,32.623062,0,0,0,0,0,1,13/08/2026
8943182700,1130053,Team Yandex vs HULIGANI,2,2927,166,0,93817671,Maladych,9823272,Team Yandex,support,85,Undying,0,0,1,0,0,0,1,0,3,9,135,398,2,0,7,2,2,11,3,0.57575756,0,0,1,0,0,0,1,13/08/2026
8943182700,1130053,Team Yandex vs HULIGANI,2,2927,166,0,103735745,Saksa,9823272,Team Yandex,support,62,Bounty Hunter,0,0,0,0,1,0,0,1,3,9,22,373,0,0,14,0,6,9,1,0.72727275,35.03279,0,0,0,0,2,1,13/08/2026
8943182700,1130053,Team Yandex vs HULIGANI,2,2927,166,0,140251702,Mirage`雨,10149530,HULIGANI,mid,74,Invoker,0,0,0,0,0,1,0,1,8,4,451,643,10,0,1,1,4,0,0,0.9166667,150.26418,0,1,0,0,0,0,13/08/2026
8943182700,1130053,Team Yandex vs HULIGANI,2,2927,166,0,145065875,sayuw,10149530,HULIGANI,support,51,Clockwerk,1,0,0,0,0,0,0,1,1,12,36,233,0,0,6,0,4,7,1,0.5,51.897514,0,0,0,0,1,0,13/08/2026
8943182700,1130053,Team Yandex vs HULIGANI,2,2927,166,0,123787715,RESPECT,10149530,HULIGANI,support,123,Hoodwink,0,0,1,0,0,0,0,0,2,8,154,336,2,0,15,3,4,9,5,0.7083333,66.33297,0,0,0,0,1,0,13/08/2026
8943182700,1130053,Team Yandex vs HULIGANI,2,2927,166,0,320017600,ssnovv1,10149530,HULIGANI,core,36,Necrophos,0,0,1,0,0,0,1,0,9,4,737,782,31,0,0,4,4,3,0,0.625,17.19956,1,0,0,0,0,0,13/08/2026
8943182700,1130053,Team Yandex vs HULIGANI,2,2927,166,0,92487440,Corrupted,10149530,HULIGANI,core,96,Centaur Warrunner,0,0,0,0,1,0,0,0,3,6,461,573,16,3,1,3,3,6,1,0.5833333,98.13413,0,0,0,0,0,0,13/08/2026
8943200897,1130051,Xtreme Gaming vs Team Spirit,2,2908,286,0,898754153,Ame,8261500,Xtreme Gaming,core,12,Phantom Lancer,0,1,0,0,0,0,0,0,4,3,731,759,16,1,0,3,7,3,0,0.4074074,0,0,2,0,0,0,0,13/08/2026
8943200897,1130051,Xtreme Gaming vs Team Spirit,2,2908,286,0,173978074,NothingToSay,8261500,Xtreme Gaming,mid,106,Ember Spirit,1,0,0,0,0,1,1,0,12,2,403,577,16,1,1,0,11,6,0,0.7407407,63.10083,0,0,0,0,0,0,13/08/2026
8943200897,1130051,Xtreme Gaming vs Team Spirit,2,2908,286,0,129958758,Xxs,8261500,Xtreme Gaming,core,135,Dawnbreaker,0,0,0,0,1,1,0,0,7,5,519,610,18,1,0,6,0,5,0,0.5925926,22.466116,0,1,0,0,0,0,13/08/2026
8943200897,1130051,Xtreme Gaming vs Team Spirit,2,2908,286,0,101695162,fy,8261500,Xtreme Gaming,support,119,Dark Willow,0,0,1,1,0,0,0,0,1,9,54,247,1,0,4,7,3,6,2,0.44444445,174.73457,0,0,0,0,0,0,13/08/2026
8943200897,1130051,Xtreme Gaming vs Team Spirit,2,2908,286,0,94296097,xNova,8261500,Xtreme Gaming,support,112,Winter Wyvern,0,1,0,0,0,1,0,0,2,6,79,286,1,0,16,2,2,13,4,0.37037036,13.566309,0,0,0,0,0,0,13/08/2026
8943200897,1130051,Xtreme Gaming vs Team Spirit,2,2908,286,0,847565596,rue,7119388,Team Spirit,support,51,Clockwerk,1,0,0,0,0,0,0,1,3,12,20,307,0,0,11,1,2,14,3,0.64,119.96476,0,0,0,0,1,1,13/08/2026
8943200897,1130051,Xtreme Gaming vs Team Spirit,2,2908,286,0,321580662,Yatoro,7119388,Team Spirit,core,6,Drow Ranger,0,0,0,1,0,1,0,1,7,1,688,850,26,6,1,5,10,4,0,0.8,0,0,0,3,0,0,1,13/08/2026
8943200897,1130051,Xtreme Gaming vs Team Spirit,2,2908,286,0,106305042,Larl,7119388,Team Spirit,mid,91,Io,0,1,0,0,0,0,0,0,4,4,429,604,17,0,1,2,9,3,0,0.68,9.433398,0,1,0,0,0,1,13/08/2026
8943200897,1130051,Xtreme Gaming vs Team Spirit,2,2908,286,0,218231587,not_me,7119388,Team Spirit,support,86,Rubick,0,0,1,0,1,0,0,1,6,7,107,393,1,0,10,5,1,5,5,0.64,36.89836,1,0,0,0,0,1,13/08/2026
8943200897,1130051,Xtreme Gaming vs Team Spirit,2,2908,286,0,302214028,Collapse,7119388,Team Spirit,core,108,Underlord,0,0,1,0,0,0,1,0,5,3,516,706,17,1,0,3,2,3,0,0.76,434.8766,0,0,0,0,0,1,13/08/2026
8943202720,1130060,BoomBoys vs Iron Wing,1,3237,108,0,172099728,Kiritych~,8255888,BoomBoys,core,145,Kez,0,1,0,0,0,0,0,0,11,3,779,932,21,9,0,1,8,2,0,0.6388889,5.699732,0,3,1,0,0,1,13/08/2026
8943202720,1130060,BoomBoys vs Iron Wing,1,3237,108,0,480412663,gpk~,8255888,BoomBoys,mid,128,Snapfire,1,0,0,0,0,0,0,0,14,1,602,768,16,1,2,3,13,2,0,0.75,56.66839,0,0,0,0,2,1,13/08/2026
8943202720,1130060,BoomBoys vs Iron Wing,1,3237,108,0,165564598,MieRo,8255888,BoomBoys,core,28,Slardar,0,0,0,1,0,1,0,0,8,7,386,556,13,0,0,0,2,5,0,0.6666667,44.29976,0,0,1,0,0,1,13/08/2026
8943202720,1130060,BoomBoys vs Iron Wing,1,3237,108,0,317880638,Save-,8255888,BoomBoys,support,131,Ringmaster,1,0,0,0,1,0,0,0,2,5,110,378,3,1,7,5,5,10,5,0.6666667,31.165695,0,0,0,0,0,1,13/08/2026
8943202720,1130060,BoomBoys vs Iron Wing,1,3237,108,0,196878136,Kataomi`,8255888,BoomBoys,support,3,Bane,0,0,0,1,0,0,0,0,1,7,45,331,2,0,16,0,2,12,4,0.5277778,112.421974,0,0,0,0,1,1,13/08/2026
8943202720,1130060,BoomBoys vs Iron Wing,1,3237,108,0,86698277,33,10150413,Iron Wing,core,96,Centaur Warrunner,0,0,0,0,1,0,0,0,2,8,494,556,23,1,0,1,2,1,0,0.4347826,39.567245,0,0,0,0,0,0,13/08/2026
8943202720,1130060,BoomBoys vs Iron Wing,1,3237,108,0,346412363,Ari,10150413,Iron Wing,support,123,Hoodwink,0,0,1,0,0,0,0,0,3,10,168,302,1,0,9,13,2,7,2,0.6086956,65.09999,0,0,0,0,1,0,13/08/2026
8943202720,1130060,BoomBoys vs Iron Wing,1,3237,108,0,136829091,Whitemon,10150413,Iron Wing,support,100,Tusk,0,0,0,0,0,1,0,0,4,8,36,281,0,0,15,6,3,18,6,0.73913044,36.53374,0,0,0,0,1,0,13/08/2026
8943202720,1130060,BoomBoys vs Iron Wing,1,3237,108,0,93618577,bzm,10150413,Iron Wing,mid,7,Earthshaker,0,0,0,0,1,0,0,0,4,5,571,664,10,1,1,3,12,2,0,0.73913044,165.49883,0,0,0,0,0,0,13/08/2026
8943202720,1130060,BoomBoys vs Iron Wing,1,3237,108,0,331855530,Pure,10150413,Iron Wing,core,91,Io,0,1,0,0,0,0,0,0,10,5,752,719,24,0,0,7,4,0,0,0.7826087,22.633278,1,1,0,0,0,0,13/08/2026
8943235603,1130063,Team Resilience vs LGD Gaming,1,3923,21,0,170896543,YSR-04E,5017210,Team Resilience,core,67,Spectre,0,0,0,1,0,0,1,0,22,5,704,843,30,5,0,0,6,6,0,0.8064516,58.262505,0,2,0,0,0,1,13/08/2026
8943235603,1130063,Team Resilience vs LGD Gaming,1,3923,21,0,315272623,Echozz,5017210,Team Resilience,mid,7,Earthshaker,0,0,0,0,1,0,0,0,15,3,582,693,22,1,2,0,18,6,0,0.6451613,344.81442,0,2,0,0,0,1,13/08/2026
8943235603,1130063,Team Resilience vs LGD Gaming,1,3923,21,0,145957968,niu,5017210,Team Resilience,core,155,Largo,0,0,1,0,1,0,0,0,7,5,398,567,10,1,0,3,2,5,0,0.5967742,54.43063,1,0,2,0,0,1,13/08/2026
8943235603,1130063,Team Resilience vs LGD Gaming,1,3923,21,0,150961567,planet,5017210,Team Resilience,support,123,Hoodwink,0,0,1,0,0,0,0,0,7,5,294,464,6,0,8,8,2,20,2,0.61290324,99.799835,0,0,0,0,0,1,13/08/2026
8943235603,1130063,Team Resilience vs LGD Gaming,1,3923,21,0,249835593,zzq,5017210,Team Resilience,support,85,Undying,0,0,1,0,0,0,1,0,11,12,177,464,5,0,20,2,7,6,9,0.7096774,0,0,0,0,0,0,1,13/08/2026
8943235603,1130063,Team Resilience vs LGD Gaming,1,3923,21,0,177203952,Yuma,10150538,LGD Gaming,core,46,Templar Assassin,0,0,0,1,0,0,0,0,1,10,828,694,25,2,0,3,4,2,0,0.6,1.6,0,1,1,0,0,0,13/08/2026
8943235603,1130063,Team Resilience vs LGD Gaming,1,3923,21,0,94054712,Topson,10150538,LGD Gaming,mid,107,Earth Spirit,0,0,1,0,0,0,1,0,11,10,596,643,11,0,2,2,11,2,0,0.8666667,48.064507,0,2,0,0,0,0,13/08/2026
8943235603,1130063,Team Resilience vs LGD Gaming,1,3923,21,0,292921272,Wisper,10150538,LGD Gaming,core,98,Timbersaw,0,0,0,1,0,0,0,0,14,9,1022,895,35,1,0,3,7,6,0,0.8,37.432644,0,0,0,0,0,0,13/08/2026
8943235603,1130063,Team Resilience vs LGD Gaming,1,3923,21,0,105045291,Thiolicor,10150538,LGD Gaming,support,121,Grimstroke,0,0,0,0,0,0,1,1,4,19,141,356,3,0,10,12,8,18,4,0.9,36.098568,0,0,0,0,1,0,13/08/2026
8943235603,1130063,Team Resilience vs LGD Gaming,1,3923,21,0,81306398,KingJungles,10150538,LGD Gaming,support,3,Bane,0,0,0,1,0,0,0,0,0,14,52,255,1,0,17,5,0,12,6,0.53333336,123.53367,0,0,0,0,0,0,13/08/2026
8943244303,1130066,Nigma Galaxy  vs OG,1,3227,108,0,111620041,SumaiL-,10136357,Nigma Galaxy ,core,11,Shadow Fiend,1,0,0,0,0,0,1,0,11,1,789,880,34,9,0,4,3,8,0,0.6785714,29.500908,0,0,0,0,0,1,13/08/2026
8943244303,1130066,Nigma Galaxy  vs OG,1,3227,108,0,152168157,OmaR,10136357,Nigma Galaxy ,support,27,Shadow Shaman,0,0,0,0,1,0,0,1,1,10,104,387,0,1,12,1,6,7,6,0.60714287,122.835915,0,1,0,0,0,1,13/08/2026
8943244303,1130066,Nigma Galaxy  vs OG,1,3227,108,0,210053851,lorenof,10136357,Nigma Galaxy ,mid,106,Ember Spirit,1,0,0,0,0,1,1,0,12,3,568,742,11,0,2,5,17,0,0,0.75,77.454216,1,1,0,0,0,1,13/08/2026
8943244303,1130066,Nigma Galaxy  vs OG,1,3227,108,0,101356886,GH,10136357,Nigma Galaxy ,support,50,Dazzle,0,0,0,1,0,0,0,0,2,2,82,320,2,0,10,4,4,15,3,0.53571427,27.943111,0,0,0,0,1,1,13/08/2026
8943244303,1130066,Nigma Galaxy  vs OG,1,3227,108,0,138880576,Davai,10136357,Nigma Galaxy ,core,155,Largo,0,0,1,0,1,0,0,0,2,3,358,562,8,0,0,6,4,1,0,0.64285713,13.231371,0,0,0,0,1,1,13/08/2026
8943244303,1130066,Nigma Galaxy  vs OG,1,3227,108,0,324277900,Yopaj-,2586976,OG,mid,7,Earthshaker,0,0,0,0,1,0,0,0,2,4,399,479,14,0,2,4,10,0,1,0.7894737,174.83385,0,0,0,0,0,0,13/08/2026
8943244303,1130066,Nigma Galaxy  vs OG,1,3227,108,0,155494381,TIMS,2586976,OG,support,119,Dark Willow,0,0,1,1,0,0,0,0,2,9,48,295,0,0,13,8,1,13,5,0.57894737,217.96706,0,1,0,0,0,0,13/08/2026
8943244303,1130066,Nigma Galaxy  vs OG,1,3227,108,0,100594231,skem,2586976,OG,support,21,Windranger,0,0,1,0,0,0,0,1,4,7,168,353,2,0,10,8,4,8,3,0.68421054,70.3662,0,0,0,0,1,0,13/08/2026
8943244303,1130066,Nigma Galaxy  vs OG,1,3227,108,0,132309493,Raven,2586976,OG,core,38,Beastmaster,1,0,0,0,0,0,0,0,3,4,466,559,18,1,0,1,2,1,0,0.68421054,61.96653,0,0,2,0,0,0,13/08/2026
8943244303,1130066,Nigma Galaxy  vs OG,1,3227,108,0,355168766,Natsumi,2586976,OG,core,138,Muerta,0,1,1,0,0,0,1,1,7,4,810,777,23,3,1,4,2,5,0,0.84210527,32.334045,0,2,0,0,1,0,13/08/2026
8943267925,1130069,Team Falcons vs TEAM VISION,1,2690,132,0,10366616,Sneyking,9247354,Team Falcons,support,9,Mirana,0,1,0,0,0,0,0,0,6,9,110,363,1,0,9,7,4,9,4,0.78125,31.933247,0,0,0,0,2,1,13/08/2026
8943267925,1130069,Team Falcons vs TEAM VISION,1,2690,132,0,100058342,skiter,9247354,Team Falcons,core,73,Alchemist,0,0,0,0,1,0,0,0,4,3,509,797,22,2,0,5,7,1,0,0.6875,57.532978,0,0,0,0,0,1,13/08/2026
8943267925,1130069,Team Falcons vs TEAM VISION,1,2690,132,0,898455820,Malr1ne,9247354,Team Falcons,mid,59,Huskar,0,1,0,0,0,1,1,0,11,5,372,619,17,4,2,1,3,3,0,0.53125,0,0,2,1,0,0,1,13/08/2026
8943267925,1130069,Team Falcons vs TEAM VISION,1,2690,132,0,183719386,AMMAR_THE_F,9247354,Team Falcons,core,96,Centaur Warrunner,0,0,0,0,1,0,0,0,7,3,498,750,18,1,0,1,4,6,0,0.75,79.36792,0,0,0,0,2,1,13/08/2026
8943267925,1130069,Team Falcons vs TEAM VISION,1,2690,132,0,25907144,Cr1t-,9247354,Team Falcons,support,79,Shadow Demon,1,0,0,0,0,0,1,1,4,4,87,392,0,0,10,8,4,0,3,0.71875,38.732788,0,1,0,0,0,1,13/08/2026
8943267925,1130069,Team Falcons vs TEAM VISION,1,2690,132,0,1044002267,Satanic,9572001,TEAM VISION,core,80,Lone Druid,0,0,0,0,1,0,0,0,12,2,819,956,16,2,0,4,6,1,0,0.75,86.26874,0,0,0,0,0,0,13/08/2026
8943267925,1130069,Team Falcons vs TEAM VISION,1,2690,132,0,195108598,Noticed,9572001,TEAM VISION,core,55,Dark Seer,0,0,0,1,0,0,0,0,1,4,460,636,13,1,0,4,1,1,0,0.7083333,15.465092,0,0,0,0,0,0,13/08/2026
8943267925,1130069,Team Falcons vs TEAM VISION,1,2690,132,0,106573901,No[o]ne-,9572001,TEAM VISION,mid,47,Viper,0,0,1,0,0,0,0,0,4,4,356,519,15,0,0,2,10,7,0,0.6666667,0,0,0,0,0,0,0,13/08/2026
8943267925,1130069,Team Falcons vs TEAM VISION,1,2690,132,0,164199202,9Class,9572001,TEAM VISION,support,62,Bounty Hunter,0,0,0,0,1,0,0,1,4,10,27,352,1,1,7,0,6,7,1,0.6666667,36.69863,1,0,0,0,2,0,13/08/2026
8943267925,1130069,Team Falcons vs TEAM VISION,1,2690,132,0,73401082,Dukalis,9572001,TEAM VISION,support,105,Techies,0,0,0,0,1,1,0,0,3,12,70,346,1,0,13,2,0,6,7,0.7916667,38.368305,0,0,0,0,0,0,13/08/2026
8943278347,1130060,BoomBoys vs Iron Wing,2,2681,96,0,172099728,Kiritych~,8255888,BoomBoys,core,6,Drow Ranger,0,0,0,1,0,1,0,1,1,6,623,662,24,0,0,2,1,2,0,0.54545456,0,0,0,0,0,0,0,13/08/2026
8943278347,1130060,BoomBoys vs Iron Wing,2,2681,96,0,480412663,gpk~,8255888,BoomBoys,mid,13,Puck,0,1,0,0,0,0,0,0,7,4,493,557,22,0,2,3,5,3,0,0.6363636,13.799975,0,0,0,0,0,0,13/08/2026
8943278347,1130060,BoomBoys vs Iron Wing,2,2681,96,0,165564598,MieRo,8255888,BoomBoys,core,155,Largo,0,0,1,0,1,0,0,0,1,8,261,387,11,0,0,3,0,0,0,0.6363636,5.7651997,0,0,0,0,0,0,13/08/2026
8943278347,1130060,BoomBoys vs Iron Wing,2,2681,96,0,317880638,Save-,8255888,BoomBoys,support,27,Shadow Shaman,0,0,0,0,1,0,0,1,0,11,34,202,0,1,4,5,2,2,7,0.54545456,56.666763,0,0,0,0,0,0,13/08/2026
8943278347,1130060,BoomBoys vs Iron Wing,2,2681,96,0,196878136,Kataomi`,8255888,BoomBoys,support,103,Elder Titan,0,0,0,0,1,0,0,0,1,7,31,224,0,0,15,1,1,10,1,0.72727275,64.53422,0,0,0,0,0,0,13/08/2026
8943278347,1130060,BoomBoys vs Iron Wing,2,2681,96,0,86698277,33,10150413,Iron Wing,core,69,Doom,1,0,0,0,0,1,1,0,13,1,510,810,25,1,0,8,5,0,0,0.75,17.565481,0,0,0,0,0,1,13/08/2026
8943278347,1130060,BoomBoys vs Iron Wing,2,2681,96,0,346412363,Ari,10150413,Iron Wing,support,123,Hoodwink,0,0,1,0,0,0,0,0,4,3,180,391,7,0,2,12,4,8,3,0.6388889,53.533115,1,0,1,0,0,1,13/08/2026
8943278347,1130060,BoomBoys vs Iron Wing,2,2681,96,0,136829091,Whitemon,10150413,Iron Wing,support,3,Bane,0,0,0,1,0,0,0,0,1,4,20,326,0,0,17,5,4,12,5,0.4722222,51.7669,0,0,0,0,0,1,13/08/2026
8943278347,1130060,BoomBoys vs Iron Wing,2,2681,96,0,93618577,bzm,10150413,Iron Wing,mid,19,Tiny,0,0,0,0,1,0,0,0,7,1,432,719,5,1,1,4,21,6,0,0.8333333,38.063442,0,0,0,0,0,1,13/08/2026
8943278347,1130060,BoomBoys vs Iron Wing,2,2681,96,0,331855530,Pure,10150413,Iron Wing,core,145,Kez,0,1,0,0,0,0,0,0,11,2,624,855,19,3,1,6,4,1,0,0.5277778,11.93352,0,2,1,0,0,1,13/08/2026
8943324841,1130066,OG vs Nigma Galaxy ,2,4461,260,0,324277900,Yopaj-,2586976,OG,mid,49,Dragon Knight,1,0,0,0,0,1,0,0,11,7,778,689,16,2,1,3,17,3,0,0.54285717,64.06695,0,0,0,0,0,0,13/08/2026
8943324841,1130066,OG vs Nigma Galaxy ,2,4461,260,0,155494381,TIMS,2586976,OG,support,86,Rubick,0,0,1,0,1,0,0,1,4,4,280,425,5,0,15,3,4,16,4,0.7714286,75.73137,0,0,0,0,0,0,13/08/2026
8943324841,1130066,OG vs Nigma Galaxy ,2,4461,260,0,355168766,Natsumi,2586976,OG,core,72,Gyrocopter,0,0,0,0,1,0,0,1,8,7,1122,841,35,4,3,1,9,4,1,0.51428574,44.733593,0,3,1,0,0,0,13/08/2026
8943324841,1130066,OG vs Nigma Galaxy ,2,4461,260,0,132309493,Raven,2586976,OG,core,85,Undying,0,0,1,0,0,0,1,0,10,8,429,503,13,0,0,1,1,8,0,0.8857143,0,1,0,0,0,0,0,13/08/2026
8943324841,1130066,OG vs Nigma Galaxy ,2,4461,260,0,100594231,skem,2586976,OG,support,21,Windranger,0,0,1,0,0,0,0,1,2,11,279,408,3,0,15,5,7,14,7,0.74285716,61.96672,0,0,0,0,1,0,13/08/2026
8943324841,1130066,OG vs Nigma Galaxy ,2,4461,260,0,111620041,SumaiL-,10136357,Nigma Galaxy ,core,18,Sven,1,1,0,0,0,0,0,1,7,9,923,702,44,0,0,4,3,7,0,0.4054054,52.466187,0,1,1,0,0,1,13/08/2026
8943324841,1130066,OG vs Nigma Galaxy ,2,4461,260,0,152168157,OmaR,10136357,Nigma Galaxy ,support,51,Clockwerk,1,0,0,0,0,0,0,1,5,11,100,401,1,0,21,2,2,19,7,0.7297297,89.496635,0,1,0,0,1,1,13/08/2026
8943324841,1130066,OG vs Nigma Galaxy ,2,4461,260,0,138880576,Davai,10136357,Nigma Galaxy ,core,33,Enigma,0,0,0,1,0,0,0,0,3,5,793,755,7,7,0,4,3,0,1,0.7027027,44.837948,0,0,0,0,2,1,13/08/2026
8943324841,1130066,OG vs Nigma Galaxy ,2,4461,260,0,101356886,GH,10136357,Nigma Galaxy ,support,9,Mirana,0,1,0,0,0,0,0,0,3,7,495,600,10,2,12,3,6,21,4,0.8108108,163.39906,0,1,0,0,1,1,13/08/2026
8943324841,1130066,OG vs Nigma Galaxy ,2,4461,260,0,210053851,lorenof,10136357,Nigma Galaxy ,mid,25,Lina,1,0,0,0,0,1,0,0,19,3,974,882,31,1,1,2,20,0,0,0.7297297,76.73659,0,1,0,0,0,1,13/08/2026
8943332564,1130063,LGD Gaming vs Team Resilience,2,4566,73,0,177203952,Yuma,10150538,LGD Gaming,core,18,Sven,1,1,0,0,0,0,0,1,23,2,1012,927,48,5,1,0,12,2,0,0.6481481,68.49927,0,3,2,0,2,1,13/08/2026
8943332564,1130063,LGD Gaming vs Team Resilience,2,4566,73,0,94054712,Topson,10150538,LGD Gaming,mid,120,Pangolier,1,0,0,0,0,0,0,0,10,5,768,724,13,0,1,2,18,3,0,0.7592593,140.70346,0,0,0,0,1,1,13/08/2026
8943332564,1130063,LGD Gaming vs Team Resilience,2,4566,73,0,292921272,Wisper,10150538,LGD Gaming,core,33,Enigma,0,0,0,1,0,0,0,0,7,10,797,747,17,4,0,1,5,10,0,0.5740741,57.931416,0,0,0,0,0,1,13/08/2026
8943332564,1130063,LGD Gaming vs Team Resilience,2,4566,73,0,105045291,Thiolicor,10150538,LGD Gaming,support,119,Dark Willow,0,0,1,1,0,0,0,0,5,11,192,428,11,0,10,11,9,35,5,0.6851852,308.77496,0,0,0,0,0,1,13/08/2026
8943332564,1130063,LGD Gaming vs Team Resilience,2,4566,73,0,81306398,KingJungles,10150538,LGD Gaming,support,112,Winter Wyvern,0,1,0,0,0,1,0,0,7,5,129,393,5,0,24,7,4,12,7,0.5925926,55.468082,0,0,0,0,0,1,13/08/2026
8943332564,1130063,LGD Gaming vs Team Resilience,2,4566,73,0,170896543,YSR-04E,5017210,Team Resilience,core,6,Drow Ranger,0,0,0,1,0,1,0,1,10,6,1414,907,30,2,0,7,7,4,0,0.6363636,0,0,3,2,0,0,0,13/08/2026
8943332564,1130063,LGD Gaming vs Team Resilience,2,4566,73,0,315272623,Echozz,5017210,Team Resilience,mid,13,Puck,0,1,0,0,0,0,0,0,6,8,1062,726,21,1,1,2,12,8,0,0.6060606,32.50029,0,0,0,0,0,0,13/08/2026
8943332564,1130063,LGD Gaming vs Team Resilience,2,4566,73,0,145957968,niu,5017210,Team Resilience,core,96,Centaur Warrunner,0,0,0,0,1,0,0,0,6,11,655,526,19,1,0,0,4,4,0,0.6060606,66.33354,1,0,0,0,0,0,13/08/2026
8943332564,1130063,LGD Gaming vs Team Resilience,2,4566,73,0,150961567,planet,5017210,Team Resilience,support,105,Techies,0,0,0,0,1,1,0,0,8,12,437,486,14,0,5,4,3,15,2,0.75757575,26.834362,0,0,0,0,1,0,13/08/2026
8943332564,1130063,LGD Gaming vs Team Resilience,2,4566,73,0,249835593,zzq,5017210,Team Resilience,support,85,Undying,0,0,1,0,0,0,1,0,2,17,197,365,5,0,28,2,4,11,9,0.57575756,0,0,1,0,0,1,0,13/08/2026
8943357930,1130060,BoomBoys vs Iron Wing,3,4164,0,1,172099728,Kiritych~,8255888,BoomBoys,core,6,Drow Ranger,0,0,0,1,0,1,0,1,9,4,931,897,29,6,0,3,7,3,0,0.6756757,2.5,0,3,1,0,0,1,13/08/2026
8943357930,1130060,BoomBoys vs Iron Wing,3,4164,0,1,480412663,gpk~,8255888,BoomBoys,mid,13,Puck,0,1,0,0,0,0,0,0,4,8,701,670,18,1,2,5,15,2,0,0.45945945,29.332293,0,0,0,0,1,1,13/08/2026
8943357930,1130060,BoomBoys vs Iron Wing,3,4164,0,1,165564598,MieRo,8255888,BoomBoys,core,155,Largo,0,0,1,0,1,0,0,0,13,3,447,608,17,0,0,4,7,3,0,0.8378378,37.835957,0,0,0,0,0,1,13/08/2026
8943357930,1130060,BoomBoys vs Iron Wing,3,4164,0,1,317880638,Save-,8255888,BoomBoys,support,9,Mirana,0,1,0,0,0,0,0,0,6,7,175,411,7,2,6,2,4,9,5,0.7027027,112.800964,0,0,0,0,0,1,13/08/2026
8943357930,1130060,BoomBoys vs Iron Wing,3,4164,0,1,196878136,Kataomi`,8255888,BoomBoys,support,103,Elder Titan,0,0,0,0,1,0,0,0,3,10,96,374,3,0,24,2,4,14,6,0.6216216,145.4706,0,0,0,0,0,1,13/08/2026
8943357930,1130060,BoomBoys vs Iron Wing,3,4164,0,1,86698277,33,10150413,Iron Wing,core,69,Doom,1,0,0,0,0,1,1,0,6,6,610,682,26,0,0,9,1,2,0,0.65625,36.365925,0,0,0,0,0,0,13/08/2026
8943357930,1130060,BoomBoys vs Iron Wing,3,4164,0,1,346412363,Ari,10150413,Iron Wing,support,123,Hoodwink,0,0,1,0,0,0,0,0,5,10,189,330,5,0,8,9,3,7,4,0.625,76.63062,0,0,0,0,0,0,13/08/2026
8943357930,1130060,BoomBoys vs Iron Wing,3,4164,0,1,136829091,Whitemon,10150413,Iron Wing,support,131,Ringmaster,1,0,0,0,1,0,0,0,6,8,51,331,2,0,22,10,3,19,7,0.75,41.99949,0,0,0,0,0,0,13/08/2026
8943357930,1130060,BoomBoys vs Iron Wing,3,4164,0,1,93618577,bzm,10150413,Iron Wing,mid,106,Ember Spirit,1,0,0,0,0,1,1,0,8,7,734,690,10,1,2,6,10,2,0,0.65625,109.931046,0,0,0,0,0,0,13/08/2026
8943357930,1130060,BoomBoys vs Iron Wing,3,4164,0,1,331855530,Pure,10150413,Iron Wing,core,73,Alchemist,0,0,0,0,1,0,0,0,7,6,878,982,33,3,0,9,12,2,0,0.71875,107.73125,1,3,1,0,0,0,13/08/2026
8943364918,1130069,Team Falcons vs TEAM VISION,2,3075,83,0,10366616,Sneyking,9247354,Team Falcons,support,9,Mirana,0,1,0,0,0,0,0,0,1,11,93,270,3,0,13,3,5,13,7,0.7058824,46.232136,0,0,0,0,0,0,13/08/2026
8943364918,1130069,Team Falcons vs TEAM VISION,2,3075,83,0,100058342,skiter,9247354,Team Falcons,core,21,Windranger,0,0,1,0,0,0,0,1,6,9,457,553,16,0,1,7,5,0,0,0.7647059,64.43291,0,1,1,0,0,0,13/08/2026
8943364918,1130069,Team Falcons vs TEAM VISION,2,3075,83,0,898455820,Malr1ne,9247354,Team Falcons,mid,15,Razor,0,1,0,0,0,0,0,0,5,8,418,495,8,0,2,1,10,3,0,0.7647059,27.700195,0,0,0,0,0,0,13/08/2026
8943364918,1130069,Team Falcons vs TEAM VISION,2,3075,83,0,183719386,AMMAR_THE_F,9247354,Team Falcons,core,96,Centaur Warrunner,0,0,0,0,1,0,0,0,3,12,419,514,19,1,0,2,2,5,0,0.7647059,69.20245,0,1,0,0,0,0,13/08/2026
8943364918,1130069,Team Falcons vs TEAM VISION,2,3075,83,0,25907144,Cr1t-,9247354,Team Falcons,support,58,Enchantress,0,0,1,0,0,0,0,0,2,9,237,361,12,2,7,4,1,1,0,0.64705884,55.56665,0,0,0,0,0,0,13/08/2026
8943364918,1130069,Team Falcons vs TEAM VISION,2,3075,83,0,1044002267,Satanic,9572001,TEAM VISION,core,80,Lone Druid,0,0,0,0,1,0,0,0,17,2,887,1022,21,5,1,4,13,1,0,0.6875,65.40062,0,1,1,0,0,1,13/08/2026
8943364918,1130069,Team Falcons vs TEAM VISION,2,3075,83,0,195108598,Noticed,9572001,TEAM VISION,core,28,Slardar,0,0,0,1,0,1,0,0,4,2,334,516,8,1,0,0,2,4,0,0.5833333,39.69851,0,0,0,0,0,1,13/08/2026
8943364918,1130069,Team Falcons vs TEAM VISION,2,3075,83,0,106573901,No[o]ne-,9572001,TEAM VISION,mid,106,Ember Spirit,1,0,0,0,0,1,1,0,10,4,455,651,9,2,1,6,10,4,0,0.5208333,85.46683,0,1,0,0,0,1,13/08/2026
8943364918,1130069,Team Falcons vs TEAM VISION,2,3075,83,0,164199202,9Class,9572001,TEAM VISION,support,14,Pudge,1,0,0,0,0,0,1,0,11,5,166,448,4,0,7,2,3,19,1,0.6875,67.13391,1,0,0,0,2,1,13/08/2026
8943364918,1130069,Team Falcons vs TEAM VISION,2,3075,83,0,73401082,Dukalis,9572001,TEAM VISION,support,123,Hoodwink,0,0,1,0,0,0,0,0,4,4,112,399,0,0,15,3,2,3,8,0.6666667,43.39932,0,0,0,0,0,1,13/08/2026
8943466067,1130063,LGD Gaming vs Team Resilience,3,4282,111,1,177203952,Yuma,10150538,LGD Gaming,core,4,Bloodseeker,1,0,0,0,0,0,0,1,22,6,990,989,23,6,0,0,10,4,0,0.75,18.698486,0,2,1,0,0,1,13/08/2026
8943466067,1130063,LGD Gaming vs Team Resilience,3,4282,111,1,94054712,Topson,10150538,LGD Gaming,mid,22,Zeus,0,1,0,0,0,0,0,0,11,4,543,663,13,0,1,1,15,1,0,0.86538464,89.09268,0,0,0,0,0,1,13/08/2026
8943466067,1130063,LGD Gaming vs Team Resilience,3,4282,111,1,292921272,Wisper,10150538,LGD Gaming,core,97,Magnus,0,0,0,0,1,0,0,0,12,3,926,855,30,1,1,5,9,9,0,0.75,78.90279,1,1,0,0,0,1,13/08/2026
8943466067,1130063,LGD Gaming vs Team Resilience,3,4282,111,1,105045291,Thiolicor,10150538,LGD Gaming,support,119,Dark Willow,0,0,1,1,0,0,0,0,4,13,224,461,6,0,3,4,5,28,3,0.7692308,269.26724,0,0,0,0,5,1,13/08/2026
8943466067,1130063,LGD Gaming vs Team Resilience,3,4282,111,1,81306398,KingJungles,10150538,LGD Gaming,support,112,Winter Wyvern,0,1,0,0,0,1,0,0,3,4,135,384,0,0,27,6,4,16,9,0.6730769,28.950193,0,0,0,0,0,1,13/08/2026
8943466067,1130063,LGD Gaming vs Team Resilience,3,4282,111,1,170896543,YSR-04E,5017210,Team Resilience,core,6,Drow Ranger,0,0,0,1,0,1,0,1,2,13,890,682,33,0,2,3,3,2,0,0.26666668,0,0,0,1,0,0,0,13/08/2026
8943466067,1130063,LGD Gaming vs Team Resilience,3,4282,111,1,315272623,Echozz,5017210,Team Resilience,mid,16,Sand King,0,0,0,0,1,0,0,0,12,11,500,512,13,0,1,2,11,4,1,0.8666667,73.93689,0,0,0,0,0,0,13/08/2026
8943466067,1130063,LGD Gaming vs Team Resilience,3,4282,111,1,145957968,niu,5017210,Team Resilience,core,98,Timbersaw,0,0,0,1,0,0,0,0,8,9,699,641,14,1,0,1,1,2,0,0.53333336,15.900489,0,3,1,0,0,0,13/08/2026
8943466067,1130063,LGD Gaming vs Team Resilience,3,4282,111,1,150961567,planet,5017210,Team Resilience,support,9,Mirana,0,1,0,0,0,0,0,0,4,2,369,475,10,1,9,7,7,21,6,0.6666667,69.93587,0,0,0,0,1,0,13/08/2026
8943466067,1130063,LGD Gaming vs Team Resilience,3,4282,111,1,249835593,zzq,5017210,Team Resilience,support,85,Undying,0,0,1,0,0,0,1,0,4,18,120,320,3,0,21,4,3,9,5,0.5,0.8661133,0,0,0,0,0,0,13/08/2026
8943477775,1130069,TEAM VISION vs Team Falcons,3,5678,175,1,1044002267,Satanic,9572001,TEAM VISION,core,11,Shadow Fiend,1,0,0,0,0,0,1,0,29,5,1369,1015,74,7,0,2,14,5,0,0.64285713,1.8340576,0,2,0,0,0,1,13/08/2026
8943477775,1130069,TEAM VISION vs Team Falcons,3,5678,175,1,195108598,Noticed,9572001,TEAM VISION,core,96,Centaur Warrunner,0,0,0,0,1,0,0,0,3,6,743,637,39,1,0,3,4,13,0,0.6785714,68.59944,0,0,0,0,0,1,13/08/2026
8943477775,1130069,TEAM VISION vs Team Falcons,3,5678,175,1,106573901,No[o]ne-,9572001,TEAM VISION,mid,106,Ember Spirit,1,0,0,0,0,1,1,0,18,9,853,773,28,1,1,0,17,6,0,0.83928573,120.76346,0,1,0,0,1,1,13/08/2026
8943477775,1130069,TEAM VISION vs Team Falcons,3,5678,175,1,164199202,9Class,9572001,TEAM VISION,support,21,Windranger,0,0,1,0,0,0,0,1,4,10,319,460,14,1,6,6,6,17,1,0.6785714,97.166534,0,0,0,0,1,1,13/08/2026
8943477775,1130069,TEAM VISION vs Team Falcons,3,5678,175,1,73401082,Dukalis,9572001,TEAM VISION,support,103,Elder Titan,0,0,0,0,1,0,0,0,2,9,151,398,14,1,36,3,6,11,13,0.5714286,78.76984,0,0,0,0,2,1,13/08/2026
8943477775,1130069,TEAM VISION vs Team Falcons,3,5678,175,1,10366616,Sneyking,9247354,Team Falcons,support,83,Treant Protector,0,0,1,0,1,0,0,0,0,14,376,441,21,0,10,3,7,26,1,0.4871795,119.60318,0,0,0,0,2,0,13/08/2026
8943477775,1130069,TEAM VISION vs Team Falcons,3,5678,175,1,100058342,skiter,9247354,Team Falcons,core,56,Clinkz,0,0,0,0,1,1,1,0,10,9,1043,744,64,4,0,4,9,2,0,0.6666667,0,0,3,0,0,2,0,13/08/2026
8943477775,1130069,TEAM VISION vs Team Falcons,3,5678,175,1,898455820,Malr1ne,9247354,Team Falcons,mid,107,Earth Spirit,0,0,1,0,0,0,1,0,15,5,1079,842,23,2,3,0,18,5,1,0.74358976,38.23235,0,0,1,0,1,0,13/08/2026
8943477775,1130069,TEAM VISION vs Team Falcons,3,5678,175,1,183719386,AMMAR_THE_F,9247354,Team Falcons,core,36,Necrophos,0,0,1,0,0,0,1,0,11,10,1375,859,55,0,0,12,6,11,0,0.5897436,11.86753,1,1,1,0,1,0,13/08/2026
8943477775,1130069,TEAM VISION vs Team Falcons,3,5678,175,1,25907144,Cr1t-,9247354,Team Falcons,support,26,Lion,0,0,0,1,0,0,1,1,3,18,73,287,2,0,29,6,3,7,13,0.41025642,131.93027,0,0,0,0,0,0,13/08/2026
